{
    "sources" : [
        {
            "type":"directory",
            "source":"3d",
            "prefix":"3d/"
        },
        {
            "type":"directory",
            "source":"blocks",
            "prefix":"blocks/"
        },
        {
            "type":"directory",
            "source":"custom",
            "prefix":"custom/"
        },
        {
            "type":"directory",
            "source":"ggunz",
            "prefix":"ggunz/"
        },
        {
            "type":"directory",
            "source":"gravitygun",
            "prefix":"gravitygun/"
        },
        {
            "type":"directory",
            "source":"guns",
            "prefix":"guns/"
        },
        {
            "type":"directory",
            "source":"item",
            "prefix":"item/"
        },
        {
            "type":"directory",
            "source":"items",
            "prefix":"items/"
        },
        {
            "type":"directory",
            "source":"simple_guns",
            "prefix":"simple_guns/"
        }
    ]
}