{
    "type": "minecraft:crafting_shaped",
     
"pattern": [
        "I  ",
        "B  ",
        "T  "
    ],
    "key": {
        "T": {
            "item": "minecraft:tnt"
        },
		"I": {
            "item": "minecraft:iron_ingot"
        },
		"B": {
            "item": "minecraft:iron_block"
        }
    },
    "result": {
        "id": "minecraft:clock",
        "count":1,
        "components": {
            "minecraft:custom_model_data": 444456,
            "minecraft:custom_data": {"gz_data":{"bullet_type":26},"HideFlags":32},
            "minecraft:item_name": "{\"translate\": \"ggunz.item.name.bullet_26\",\"color\": \"white\",\"italic\": false}"
          }
    }
}