{
	"type": "minecraft:crafting_shapeless",
	"ingredients": [
        {
            "item": "minecraft:iron_nugget"
        },
        {
            "item": "minecraft:gunpowder"
        },
        { 
            "item": "minecraft:gold_nugget"
        }
    ],
	"result": {
		"id": "minecraft:clock",
        "count":6,
        "components": {
            "minecraft:custom_model_data": 170010,
            "minecraft:custom_data": {"gz_data":{"bullet_type":0},"HideFlags":32},
            "minecraft:item_name": "{\"translate\": \"ggunz.item.name.bullet_0\",\"color\": \"white\",\"italic\": false}"
          }

	}
}