{
    "type": "minecraft:crafting_shaped",
      
  "pattern": [
        "iGG",
        "LiS",
        " WP"
    ],
    "key": {
        "i": {
            "item": "minecraft:iron_ingot"
        },
        "S": {
            "item": "minecraft:stone_button"
        },
        "L": {
            "item": "minecraft:lever"
        },
        "P": {
            "item": "minecraft:piston"
        },
        "W": {
            "tag": "minecraft:planks"
        },
        "G": {
            "item": "minecraft:glass"
        }
    },
    "result": {
        "id": "minecraft:carrot_on_a_stick",
        "components": {
          "minecraft:custom_model_data": 88949,
          "minecraft:custom_data": {"gz_data":{"capacity":6, "bullets":0, "reload_time":5, "id":51,"debuff":-1.5,"sniper":1},"HideFlags":32},
          "minecraft:item_name": "{\"translate\": \"ggunz.item.name.gun_35\",\"color\": \"yellow\",\"italic\": false}",
          "minecraft:lore": [
            "{\"translate\": \"ggunz.item.desc.line1\",\"color\": \"gray\",\"italic\": false}",
            "{\"text\": \"Reload Time: 5s\",\"color\": \"blue\",\"italic\": false}",
            "{\"text\":\"Uses Medium Rounds\"}"
          ]
        }
    }
}