{
    "type": "minecraft:crafting_shaped",
      
  "pattern": [
        "IDG",
        "RLI",
        "II "
    ],
    "key": {
        "D": {
            "item": "minecraft:daylight_detector"
        },
        "I": {
            "item": "minecraft:iron_ingot"
        },
		"G": {
			"item": "minecraft:lime_stained_glass"
		},
		"L": {
			"item": "minecraft:lightning_rod"
		},
		"R": {
			"item": "minecraft:redstone_block"
		}
    },
    "result": {
        "id": "minecraft:carrot_on_a_stick",
        "components": {
          "minecraft:custom_model_data": 88918,
          "minecraft:custom_data": {"gz_data":{"capacity":4, "bullets":4, "reload_time":5, "id":25,"debuff":-0.5},"HideFlags":32},
          "minecraft:item_name": "{\"translate\": \"ggunz.item.name.gun_25\",\"color\": \"yellow\",\"italic\": false}",
          "minecraft:lore": [
            "{\"translate\": \"ggunz.item.desc.line1\",\"color\": \"gray\",\"italic\": false}",
            "{\"text\": \"Reload Time: 5s\",\"color\": \"blue\",\"italic\": false}",
            "{\"text\":\"Uses Lightning\"}"
          ]
        }
    }
}