{
    "type": "minecraft:crafting_shaped",
     
"pattern": [
        " GI",
        "BNB",
        "LIO"
    ],
    "key": {
        "G": {
            "item": "minecraft:glass"
        },
        "I": {
            "item": "minecraft:iron_ingot"
        },
		"B": {
			"item": "minecraft:iron_block"
		},
		"N": {
			"item": "minecraft:nether_star"
		},
		"L": {
			"item": "minecraft:lever"
		},
		"O": {
			"item": "minecraft:orange_concrete"
		}
    },
    "result": {
        "id": "minecraft:carrot_on_a_stick",
        "components": {
          "minecraft:custom_model_data": 88908,
          "minecraft:custom_data": {"gz_data":{"capacity":1, "bullets":0, "reload_time":5, "id":19,"debuff":-0.8},"HideFlags":32},
          "minecraft:item_name": "{\"translate\": \"ggunz.item.name.gun_19\",\"color\": \"yellow\",\"italic\": false}",
          "minecraft:lore": [
            "{\"translate\": \"ggunz.item.desc.line1\",\"color\": \"gray\",\"italic\": false}",
            "{\"text\": \"Reload Time: 5s\",\"color\": \"blue\",\"italic\": false}",
            "{\"text\":\"Uses Rockets\"}"
          ]
        }
    }
}