{
    "type": "minecraft:crafting_shaped",
     
"pattern": [
        "i  ",
        "LiS",
        " WP"
    ],
    "key": {
        "i": {
            "item": "minecraft:iron_ingot"
        },
        "S": {
            "item": "minecraft:stone_button"
        },
        "L": {
            "item": "minecraft:lever"
        },
        "P": {
            "item": "minecraft:piston"
        },
        "W": {
            "tag": "minecraft:planks"
        }
    },
    "result": {
        "id": "minecraft:carrot_on_a_stick",
        "components": {
          "minecraft:custom_model_data": 170001,
          "minecraft:custom_data": {"gz_data":{"capacity":6, "bullets":0, "reload_time":3, "id":0,"debuff":-0.5},"HideFlags":32},
          "minecraft:item_name": "{\"translate\": \"ggunz.item.name.gun_0\",\"color\": \"yellow\",\"italic\": false}",
          "minecraft:lore": [
            "{\"translate\": \"ggunz.item.desc.line1\",\"color\": \"gray\",\"italic\": false}",
            "{\"text\": \"Reload Time: 3s\",\"color\": \"blue\",\"italic\": false}",
            "{\"text\":\"Uses Bullets\"}"
          ]
        }
    }
}