{
    "type": "minecraft:crafting_shaped",
     
"pattern": [
        " TT",
        "RNI",
        "BI "
    ],
    "key": {
        "I": {
            "item": "minecraft:iron_ingot"
        },
        "N": {
            "item": "minecraft:iron_block"
        },
		"B": {
			"item": "minecraft:stone_button"
		},
		"T": {
			"item": "minecraft:iron_trapdoor"
		},
		"R": {
			"item": "minecraft:repeater"
		}
    },
    "result": {
        "id": "minecraft:carrot_on_a_stick",
        "components": {
          "minecraft:custom_model_data": 88896,
          "minecraft:custom_data": {"gz_data":{"capacity":30, "bullets":0, "reload_time":5, "id":16,"debuff":-0.5},"HideFlags":32},
          "minecraft:item_name": "{\"translate\": \"ggunz.item.name.gun_16\",\"color\": \"yellow\",\"italic\": false}",
          "minecraft:lore": [
            "{\"translate\": \"ggunz.item.desc.line1\",\"color\": \"gray\",\"italic\": false}",
            "{\"text\": \"Reload Time: 5s\",\"color\": \"blue\",\"italic\": false}",
            "{\"text\":\"Uses Medium Rounds\"}"
          ]
        }
    }
}