{
    "type": "minecraft:crafting_shaped",
      
  "pattern": [
        " GI",
        "GIT",
        "IBS"
    ],
    "key": {
        "I": {
            "item": "minecraft:iron_ingot"
        },
        "B": {
            "item": "minecraft:iron_block"
        },
        "G": {
            "item": "minecraft:glass"
        },
        "T": {
            "item": "minecraft:iron_trapdoor"
        },
        "S": {
            "item": "minecraft:stone_button"
        }
    },
    "result": {
        "id": "minecraft:carrot_on_a_stick",
        "components": {
          "minecraft:custom_model_data": 88943,
          "minecraft:custom_data": {"gz_data":{"capacity":16, "bullets":0, "reload_time":3.8, "id":46,"debuff":-200,"sniper":1},"HideFlags":32},
          "minecraft:item_name": "{\"translate\": \"ggunz.item.name.gun_30\",\"color\": \"yellow\",\"italic\": false}",
          "minecraft:lore": [
            "{\"translate\": \"ggunz.item.desc.line1\",\"color\": \"gray\",\"italic\": false}",
            "{\"text\": \"Reload Time: 3.8s\",\"color\": \"blue\",\"italic\": false}",
            "{\"text\":\"Uses Medium Rounds\"}"
          ]
        }
    }
}