{
    "type": "minecraft:crafting_shaped",
     
"pattern": [
        "I  ",
        "LIS",
        " WP"
    ],
    "key": {
        "L": {
            "item": "minecraft:lever"
        },
        "I": {
            "item": "minecraft:iron_block"
        },
        "S": {
            "item": "minecraft:stone_button"
        },
        "W": {
            "tag": "minecraft:logs"
        },
        "P": {
            "item": "minecraft:piston"
        }
    },
    "result": {
        "id": "minecraft:carrot_on_a_stick",
        "components": {
          "minecraft:custom_model_data": 170003,
          "minecraft:custom_data": {"gz_data":{"capacity":1, "bullets":0, "reload_time":3, "id":2,"debuff":-0.8},"HideFlags":32},
          "minecraft:item_name": "{\"translate\": \"ggunz.item.name.gun_2\",\"color\": \"yellow\",\"italic\": false}",
          "minecraft:lore": [
            "{\"translate\": \"ggunz.item.desc.line1\",\"color\": \"gray\",\"italic\": false}",
            "{\"text\": \"Reload Time: 3s\",\"color\": \"blue\",\"italic\": false}",
            "{\"text\":\"Uses Musket Balls\"}"
          ]
        }
    }
}