{
    "type": "minecraft:crafting_shaped",
     
"pattern": [
        "I  ",
        "LIS",
        "P-L"
    ],
    "key": {
        "L": {
            "tag": "minecraft:logs"
        },
        "I": {
            "item": "minecraft:iron_ingot"
        },
        "S": {
            "item": "minecraft:stone_button"
        },
        "-": {
            "item": "minecraft:iron_block"
        },
        "P": {
            "tag": "minecraft:planks"
        }
    },
    "result": {
        "id": "minecraft:carrot_on_a_stick",
        "components": {
          "minecraft:custom_model_data": 444444,
          "minecraft:custom_data": {"gz_data":{"capacity":50, "bullets":0, "reload_time":2.5, "id":6,"debuff":-0.5},"HideFlags":32},
          "minecraft:item_name": "{\"translate\": \"ggunz.item.name.gun_6\",\"color\": \"yellow\",\"italic\": false}",
          "minecraft:lore": [
            "{\"translate\": \"ggunz.item.desc.line1\",\"color\": \"gray\",\"italic\": false}",
            "{\"text\": \"Reload Time: 2.5s\",\"color\": \"blue\",\"italic\": false}",
            "{\"text\":\"Uses Medium Rounds\"}"
          ]
        }
    }
}