{
    "type": "minecraft:crafting_shaped",
      
  "pattern": [
        "BB ",
        " RS",
        "BBL"
    ],
    "key": {
        "L": {
            "item": "minecraft:lever"
        },
        "B": {
            "item": "minecraft:iron_block"
        },
        "S": {
            "item": "minecraft:netherite_ingot"
        },
        "R": {
            "item": "minecraft:redstone"
        }
    },
    "result": {
        "id": "minecraft:carrot_on_a_stick",
        "components": {
          "minecraft:custom_model_data": 88947,
          "minecraft:custom_data": {"gz_data":{"capacity":8, "bullets":0, "reload_time":5, "id":50,"debuff":-0.5},"HideFlags":32},
          "minecraft:item_name": "{\"translate\": \"ggunz.item.name.gun_34\",\"color\": \"yellow\",\"italic\": false}",
          "minecraft:lore": [
            "{\"translate\": \"ggunz.item.desc.line1\",\"color\": \"gray\",\"italic\": false}",
            "{\"text\": \"Reload Time: 5s\",\"color\": \"blue\",\"italic\": false}",
            "{\"text\":\"Uses Shells\"}"
          ]
        }
    }
}