{
    "type": "minecraft:crafting_shaped",
     
"pattern": [
        "EY ",
        "CL ",
        " NR"
    ],
    "key": {
        "E": {
            "item": "minecraft:ender_pearl"
        },
        "Y": {
            "item": "minecraft:ender_eye"
        },
        "L": {
            "item": "minecraft:end_crystal"
        },
		"R": {
			"item": "minecraft:end_rod"
		},
		"N": {
			"item": "minecraft:netherite_block"
		},
		"C": {
			"item": "minecraft:copper_block"
		}
    },
    "result": {
        "id": "minecraft:carrot_on_a_stick",
        "components": {
          "minecraft:custom_model_data": 88902,
          "minecraft:custom_data": {"gz_data":{"capacity":50, "bullets":0, "reload_time":3.5, "id":12,"debuff":-0.5},"HideFlags":32},
          "minecraft:item_name": "{\"translate\": \"ggunz.item.name.gun_12\",\"color\": \"yellow\",\"italic\": false}",
          "minecraft:lore": [
            "{\"translate\": \"ggunz.item.desc.line1\",\"color\": \"gray\",\"italic\": false}",
            "{\"text\": \"Reload Time: 3.5s\",\"color\": \"blue\",\"italic\": false}",
            "{\"text\":\"Uses Chorus Flowers\"}"
          ]
        }
    }
}