{
    "type": "minecraft:crafting_shaped",
      
  "pattern": [
        "III",
        "TSR",
        "III"
    ],
    "key": {
        "R": {
            "item": "minecraft:red_stained_glass"
        },
		"I": {
            "item": "minecraft:iron_ingot"
        },
		"S": {
            "item": "minecraft:spyglass"
        },
		"T": {
            "item": "minecraft:torch"
        }
    },
    "result": {
        "id": "minecraft:redstone",
        "components": {
          "minecraft:custom_model_data": 88948,
          "minecraft:custom_data": {"HideFlags":32},
          "minecraft:item_name": "{\"translate\": \"ggunz.item.name.lasersight\",\"color\": \"yellow\",\"italic\": false}"
        }
    }
}