{
    "type": "minecraft:crafting_shaped",
      
  "pattern": [
        "III",
        "G  ",
        "III"
    ],
    "key": {
        "G": {
            "item": "minecraft:glass"
        },
		"I": {
            "item": "minecraft:iron_ingot"
        }
    },
    "result": {
        "id": "minecraft:redstone",
        "components": {
          "minecraft:custom_model_data": 88921,
          "minecraft:custom_data": {"HideFlags":32},
          "minecraft:item_name": "{\"translate\": \"ggunz.item.name.suppressor\",\"color\": \"yellow\",\"italic\": false}"
        }
    }
}